repoPath,lastChecked
n8n-io/n8n,2025-05-03T20:57:22.801Z
activepieces/activepieces,2025-05-03T20:57:22.804Z
bytedance/UI-TARS-desktop,2025-05-03T20:57:22.806Z
OpenAgentPlatform/Dive,2025-05-03T20:57:22.810Z
mondaycom/vibe,2025-05-03T20:57:23.325Z
VikashLoomba/copilot-mcp,2025-05-03T20:57:23.329Z
nanoapi-io/napi,2025-05-03T20:57:23.332Z
API-200/api200,2025-05-03T20:57:23.337Z
nanbingxyz/mcpsvr,2025-05-03T20:57:23.339Z
ssut/Remote-MCP,2025-05-03T21:31:32.391Z
zcaceres/easy-mcp,2025-05-03T21:31:32.721Z
jacksteamdev/obsidian-mcp-tools,2025-05-03T21:31:32.954Z
getsentry/sentry-mcp,2025-05-03T21:31:33.242Z
PraneshASP/foundry-mcp-server,2025-05-05T00:21:05.046Z
cgoinglove/mcp-client-chatbot,2025-05-14T00:21:24.939Z
dcSpark/shinkai-apps,2025-05-16T00:20:21.072Z
metatool-ai/metatool-app,2025-05-18T00:21:57.669Z
openops-cloud/openops,2025-05-23T00:20:03.552Z
mondaycom/mcp,2025-05-28T00:20:12.711Z
getdatanaut/openmcp,2025-06-04T00:20:34.351Z
ashwwwin/automation-mcp,2025-06-14T00:19:44.849Z
dcSpark/shinkai-local-ai-agents,2025-06-16T00:21:42.927Z
metatool-ai/metamcp,2025-06-26T00:20:40.921Z
cgoinglove/better-chatbot,2025-07-07T00:22:40.626Z
better-chatbot/better-chatbot,2025-07-17T00:22:00.288Z
director-run/director,2025-07-26T00:21:05.347Z
MCPJam/inspector,2025-07-29T00:24:02.569Z
cameroncooke/XcodeBuildMCP,2025-08-09T00:20:22.848Z
open-metadata/OpenMetadata,2025-08-19T00:20:32.745Z
davepoon/claude-code-subagents-collection,2025-08-22T00:19:39.907Z
triggerdotdev/trigger.dev,2025-09-11T00:19:27.209Z
mcp-router/mcp-router,2025-09-15T00:20:52.802Z
etsd-tech/mcp-pointer,2025-09-28T00:21:38.173Z
inkeep/agents,2025-10-19T00:22:01.036Z
Devin-AXIS/A2V,2025-11-05T00:20:57.665Z
upstash/context7,2025-11-29T00:20:06.967Z
